,City,Cloudiness,Country,Date,Humidity,Lat,Lng,Max Temp,Wind Speed
0,Lubango,26,AO,1555949611,34,-14.92,13.49,92.39,10.42
1,Grand Gaube,75,MU,1555949343,88,-20.01,57.66,80.6,8.05
2,Butaritari,94,KI,1555949612,80,3.07,172.79,83.57,24.47
3,Davila,75,PH,1555945200,83,18.47,120.58,80.6,2.24
4,Krasnyy Kholm,0,RU,1555949612,45,58.06,37.11,59.27,6.91
5,Lagoa,20,PT,1555949537,77,37.14,-8.45,66.99,21.92
6,Guerrero Negro,89,MX,1555949613,76,27.97,-114.04,58.55,13.89
7,Novaya Igirma,100,RU,1555949613,82,57.14,103.93,26.15,13.0
8,Vaini,13,IN,1555949613,62,15.34,74.49,81.59,3.94
9,Tuktoyaktuk,40,CA,1555945200,85,69.44,-133.03,12.2,10.29
10,Myitkyina,1,MM,1555949613,46,25.38,97.4,70.97,3.71
11,Longyearbyen,75,NO,1555948200,44,78.22,15.63,19.4,3.36
12,Hasaki,75,JP,1555949481,82,35.73,140.83,57.2,6.93
13,Egvekinot,34,RU,1555949614,93,66.32,-179.17,-5.53,12.53
14,Panglao,20,PH,1555945200,78,9.58,123.75,80.6,4.7
15,Coihaique,75,CL,1555945200,76,-45.58,-72.07,50.0,9.17
16,Muisne,40,EC,1555945200,89,0.61,-80.02,84.2,5.82
17,Mataura,2,NZ,1555949405,96,-46.19,168.86,45.0,3.0
18,Djambala,99,CG,1555949615,42,-2.55,14.76,90.05,4.83
19,Rikitea,64,PF,1555949615,84,-23.12,-134.97,79.25,15.68
20,Sept-Iles,20,CA,1555945200,48,50.2,-66.38,41.0,8.05
21,Tasiilaq,90,GL,1555944600,75,65.61,-37.64,32.0,10.29
22,Victoria,75,BN,1555947000,79,5.28,115.24,86.0,8.05
23,Hilo,40,US,1555949362,72,19.71,-155.08,70.0,5.82
24,Hamilton,75,BM,1555948850,68,32.3,-64.78,72.0,13.87
25,Castro,90,CL,1555945200,81,-42.48,-73.76,48.2,6.93
26,Tiksi,4,RU,1555949617,86,71.64,128.87,14.81,9.01
27,Airai,12,TL,1555949617,69,-8.93,125.41,74.93,7.7
28,Samarai,55,PG,1555949617,98,-10.62,150.67,75.11,2.66
29,Bredasdorp,29,ZA,1555948806,72,-34.53,20.04,68.0,18.34
30,Buchanan,75,LR,1555945200,74,5.88,-10.05,86.0,13.24
31,Vestmannaeyjar,20,IS,1555945200,75,63.44,-20.27,46.4,13.87
32,Comodoro Rivadavia,0,AR,1555945200,48,-45.87,-67.48,66.2,3.36
33,Ribeira Grande,20,PT,1555947000,59,38.52,-28.7,62.6,17.22
34,New Norfolk,20,AU,1555948889,81,-42.78,147.06,48.2,9.17
35,Kaitangata,74,NZ,1555949500,86,-46.28,169.85,43.0,3.0
36,Nizwa,96,OM,1555949619,22,22.93,57.53,87.89,2.37
37,Camacha,40,PT,1555947000,72,33.08,-16.33,68.0,19.46
38,Punta Arenas,75,CL,1555949593,81,-53.16,-70.91,46.4,5.82
39,Jamestown,0,AU,1555949541,61,-33.21,138.6,55.67,7.29
40,Kodiak,90,US,1555949610,32,39.95,-94.76,71.6,17.22
41,Ushuaia,90,AR,1555945200,93,-54.81,-68.31,42.8,3.36
42,Siyabuswa,100,ZA,1555949620,42,-25.11,29.06,77.45,12.15
43,Bethel,90,US,1555947960,85,60.79,-161.76,15.8,16.11
44,Warrington,0,GB,1555949608,37,53.39,-2.59,73.99,13.87
45,Najran,75,SA,1555945200,26,17.54,44.22,91.4,8.05
46,Novikovo,0,UA,1555949621,59,45.05,34.56,47.57,13.51
47,Sao Joao da Barra,0,BR,1555945200,52,-21.64,-41.05,91.4,4.7
48,Hobart,20,AU,1555948889,81,-42.88,147.33,48.2,9.17
49,Yatou,40,CM,1555945200,70,3.63,9.81,89.6,5.82
50,Camapua,100,BR,1555949621,92,-19.53,-54.04,73.49,2.64
51,Jaciara,100,BR,1555949622,53,-15.95,-54.98,89.33,3.2
52,Katobu,79,ID,1555949622,95,-4.94,122.53,76.01,3.98
53,Port Elizabeth,75,US,1555949617,63,39.31,-74.98,66.99,11.41
54,Mao,40,DO,1555949135,69,19.55,-71.08,89.01,11.41
55,Bundaberg,75,AU,1555949410,88,-24.87,152.35,70.0,8.05
56,Albany,75,US,1555949616,55,42.65,-73.75,68.0,12.75
57,Hithadhoo,100,MV,1555949623,81,-0.6,73.08,83.21,16.6
58,Fortuna,75,ES,1555949607,67,38.18,-1.13,66.2,5.82
59,Hualmay,85,PE,1555949623,95,-11.1,-77.61,67.91,8.86
60,Kapaa,40,US,1555949304,78,22.08,-159.32,73.4,13.87
61,Nanortalik,100,GL,1555949516,72,60.14,-45.24,32.63,33.93
62,Nyimba,66,ZM,1555949624,39,-14.56,30.81,86.63,4.83
63,Vardo,90,US,1555949609,63,39.62,-77.74,64.99,9.17
64,Vila Velha,40,BR,1555949292,66,-3.71,-38.6,86.0,16.11
65,Malayal,20,PH,1555945200,88,7.21,121.94,80.6,4.7
66,Yellowknife,75,CA,1555945200,64,62.45,-114.38,35.6,12.75
67,Qaanaaq,100,GL,1555949625,88,77.48,-69.36,-4.09,1.48
68,Saint George,20,GR,1555949007,67,39.45,22.34,64.4,11.41
69,Coxim,100,BR,1555949625,75,-18.5,-54.75,82.49,3.8
70,Puerto Madryn,88,AR,1555949625,36,-42.77,-65.04,67.55,21.3
71,Padang,40,ID,1555945200,94,-0.92,100.36,78.8,1.12
72,Houma,1,CN,1555949626,84,35.63,111.36,58.01,2.8
73,Saint-Philippe,1,CA,1555949616,67,45.36,-73.48,60.01,5.82
74,Rome,90,IT,1555949467,77,41.89,12.48,64.4,5.82
75,Mar del Plata,97,AR,1555949406,36,-46.43,-67.52,61.79,8.84
76,Puerto Ayora,75,EC,1555948824,83,-0.74,-90.35,80.6,8.05
77,Port Alfred,100,ZA,1555949525,96,-33.59,26.89,62.01,5.99
78,Busselton,23,AU,1555949426,68,-33.64,115.35,51.01,12.55
79,Tuatapere,0,NZ,1555949405,96,-46.13,167.69,45.0,8.97
80,Sinnamary,41,GF,1555949627,79,5.38,-52.96,81.59,12.84
81,Paamiut,100,GL,1555949627,92,61.99,-49.67,32.09,4.23
82,Muhoroni,75,KE,1555945200,69,-0.16,35.19,77.0,13.87
83,Phonhong,75,LA,1555947000,78,18.5,102.42,78.8,6.93
84,Saint-Augustin,0,FR,1555949528,40,44.83,-0.61,70.0,18.34
85,Tautira,59,PF,1555949589,78,-17.73,-149.15,78.8,5.82
86,Avarua,99,CK,1555947000,60,-21.21,-159.78,75.2,6.93
87,Kikwit,100,CD,1555949628,44,-5.04,18.82,88.97,2.84
88,Sitka,0,US,1555948882,72,37.17,-99.65,57.0,17.0
89,Beloha,0,MG,1555949629,76,-25.17,45.06,77.45,13.24
90,Jasper,0,US,1555949543,44,33.83,-87.28,77.0,3.62
91,Bluff,7,AU,1555949629,82,-23.58,149.07,68.63,12.97
92,Luderitz,0,NA,1555949630,61,-26.65,15.16,63.95,21.21
93,Iqaluit,75,CA,1555949568,70,63.75,-68.52,1.0,11.41
94,Souillac,0,FR,1555949528,42,45.6,-0.6,68.0,13.87
95,Hermanus,6,ZA,1555948923,78,-34.42,19.24,69.01,18.01
96,Upernavik,91,GL,1555949630,95,72.79,-56.15,-0.86,12.37
97,Richards Bay,98,ZA,1555949630,80,-28.77,32.06,73.13,11.41
98,Atraulia,40,IN,1555947000,65,26.33,82.95,78.8,9.17
99,Zhigansk,69,RU,1555949631,82,66.77,123.37,16.07,6.98
100,Uvalde,40,US,1555949516,88,29.21,-99.79,73.4,12.75
101,Dikson,100,RU,1555949631,93,73.51,80.55,28.49,10.98
102,Gushikawa,75,JP,1555949593,83,26.35,127.87,75.2,11.41
103,Salym,59,RU,1555949631,91,60.06,71.48,37.85,6.38
104,Broken Hill,45,AU,1555945200,48,-31.97,141.45,60.8,13.87
105,Lakatoro,48,VU,1555945200,100,-16.11,167.42,77.0,3.36
106,Thompson,40,CA,1555945200,74,55.74,-97.86,35.6,3.36
107,Njeru,97,UG,1555949632,88,0.43,33.15,72.41,2.57
108,Cherskiy,3,RU,1555949632,67,68.75,161.3,10.49,10.29
109,Kingaroy,90,AU,1555949416,93,-26.54,151.84,64.4,8.05
110,Necochea,2,AR,1555949422,55,-38.55,-58.74,62.87,4.74
111,Laguna,75,MX,1555944240,64,27.52,-110.01,71.6,10.29
112,Narsaq,75,GL,1555948200,30,60.91,-46.05,42.8,16.11
113,Nikolskoye,0,RU,1555949437,33,59.7,30.79,60.01,6.71
114,Mitu,98,IR,1555949634,75,36.2,46.09,39.47,7.36
115,Nemuro,2,JP,1555949634,72,43.32,145.57,40.37,9.42
116,Kaeo,3,NZ,1555949376,100,-35.1,173.78,53.01,6.93
117,Quatre Cocos,75,MU,1555949343,88,-20.21,57.76,80.6,8.05
118,Namatanai,78,PG,1555949634,85,-3.66,152.44,77.99,2.57
119,Atuona,34,PF,1555949635,79,-9.8,-139.03,82.85,15.1
120,Sassandra,82,CI,1555949635,57,4.95,-6.09,90.41,6.29
121,Obo,49,CF,1555949635,15,5.39,26.49,97.61,3.24
122,Banepa,40,NP,1555948200,82,27.63,85.52,64.4,3.36
123,Mehamn,75,NO,1555944600,80,71.03,27.85,41.0,13.87
124,Juneau,90,US,1555949043,93,58.3,-134.42,42.8,14.99
125,Abu Samrah,0,SY,1555949636,48,35.3,37.18,57.65,18.95
126,Dzerzhinsk,0,RU,1555948868,49,56.24,43.46,64.99,8.95
127,Lovington,1,US,1555949166,72,32.94,-103.35,64.99,8.05
128,Korsor,0,DK,1555949059,46,55.33,11.14,57.2,16.11
129,Te Anau,1,NZ,1555949636,88,-45.41,167.72,42.53,3.22
130,Marsa Matruh,20,EG,1555945200,59,31.35,27.25,64.4,9.17
131,Cabo San Lucas,75,MX,1555949421,38,22.89,-109.91,81.0,14.99
132,Carnarvon,42,ZA,1555949637,45,-30.97,22.13,63.23,24.27
133,Waipawa,100,NZ,1555949117,94,-39.94,176.59,54.0,0.76
134,Arman,100,RU,1555949637,95,59.7,150.17,25.25,5.55
135,Marsabit,97,KE,1555949637,33,2.34,37.99,96.53,9.35
136,Nishihara,75,JP,1555949621,67,35.74,139.53,66.99,12.75
137,Chuy,99,UY,1555949637,65,-33.69,-53.46,61.25,11.27
138,Mahebourg,75,MU,1555949343,88,-20.41,57.7,80.6,8.05
139,Qaqortoq,75,GL,1555944600,33,60.72,-46.03,42.8,12.75
140,Geraldton,75,CA,1555945200,55,49.72,-86.95,39.2,8.05
141,Aklavik,40,CA,1555945200,84,68.22,-135.01,14.0,13.87
142,Mackenzie,90,CA,1555947600,93,55.34,-123.09,37.4,11.41
143,Jiwani,0,PK,1555949638,79,25.05,61.74,80.69,14.7
144,Mandalgovi,58,MN,1555949639,42,45.76,106.27,45.77,13.69
145,Jaguariaiva,100,BR,1555949582,87,-24.25,-49.71,75.0,1.01
146,Arica,40,CL,1555945200,82,-18.48,-70.32,62.6,3.36
147,Cidreira,35,BR,1555949639,57,-30.17,-50.22,70.79,6.98
148,Codrington,40,AU,1555949139,93,-28.95,153.24,69.8,1.79
149,San Rafael del Sur,20,NI,1555945200,51,11.85,-86.44,86.0,11.41
150,Ruwi,40,OM,1555944600,55,23.6,58.55,89.6,4.7
151,Mto wa Mbu,77,TZ,1555949640,49,-3.38,35.86,79.43,7.27
152,Cap Malheureux,75,MU,1555949343,88,-19.98,57.61,80.6,8.05
153,Makinsk,96,KZ,1555949640,58,52.63,70.42,43.43,5.37
154,Krosno,0,PL,1555949388,33,49.69,21.77,61.0,26.4
155,Dingle,24,PH,1555949641,59,11.0,122.67,77.99,6.85
156,Svetlogorsk,75,RU,1555947000,34,53.14,59.15,48.2,2.24
157,Surin,51,TH,1555947000,88,14.88,103.49,77.0,5.82
158,Clyde River,40,CA,1555945200,76,70.47,-68.59,-5.81,3.36
159,Norfolk,75,US,1555949524,59,36.85,-76.29,68.0,5.82
160,Zhanaozen,14,KZ,1555949642,29,43.35,52.85,55.49,10.98
161,Meulaboh,60,ID,1555949642,75,4.14,96.13,83.75,2.33
162,Deogarh,12,IN,1555949642,20,21.53,84.72,86.63,2.26
163,East London,90,ZA,1555945980,88,-33.02,27.91,62.6,13.87
164,Daru,43,SL,1555949642,33,7.99,-10.85,100.13,1.95
165,Lebu,100,ET,1555949643,61,8.96,38.73,68.63,5.35
166,Faanui,55,PF,1555949643,74,-16.48,-151.75,83.75,8.75
167,Barrow,0,AR,1555949643,45,-38.31,-60.23,64.13,5.37
168,Kaohsiung,75,TW,1555949144,83,22.62,120.31,82.4,3.36
169,Arraial do Cabo,0,BR,1555948800,74,-22.97,-42.02,89.6,9.17
170,Nouakchott,0,MR,1555947000,47,18.08,-15.98,78.8,20.8
171,Timmins,90,CA,1555945740,92,48.48,-81.33,30.2,8.05
172,Guanare,100,VE,1555949644,74,9.04,-69.74,77.45,2.15
173,Alofi,75,NU,1555945200,73,-19.06,-169.92,77.0,18.34
174,Chicama,0,PE,1555945200,73,-7.84,-79.15,73.4,9.17
175,Flinders,40,AU,1555949575,93,-34.58,150.85,68.0,11.41
176,Zabol,75,IR,1555945200,42,31.03,61.49,80.6,6.93
177,Benguela,100,AO,1555949645,81,-12.58,13.4,79.61,11.56
178,Constitucion,75,MX,1555949417,20,23.99,-104.67,73.99,11.41
179,Eydhafushi,0,MV,1555949645,72,5.1,73.07,85.55,12.46
180,Hudson Bay,60,CA,1555949645,52,52.86,-102.4,48.65,3.78
181,Dwarka,0,IN,1555947907,27,28.58,77.04,93.99,4.7
182,Cowra,75,AU,1555948902,89,-33.84,148.69,55.99,13.27
183,Panjakent,34,UZ,1555947000,87,39.5,67.61,50.0,13.87
184,Muzhi,100,RU,1555949646,86,65.4,64.7,37.31,9.91
185,Cape Town,20,ZA,1555949573,53,-33.93,18.42,73.99,19.46
186,Livingston,1,US,1555948855,40,32.58,-88.19,73.99,2.37
187,Dhidhdhoo,52,MV,1555949647,72,6.88,73.1,85.37,10.94
188,Koutsouras,25,GR,1555948950,51,35.03,25.95,61.0,11.99
189,Maningrida,26,AU,1555949647,76,-12.05,134.23,77.81,9.66
190,Rajanpur,0,PK,1555949648,11,29.1,70.33,100.67,5.68
191,Grand-Lahou,94,CI,1555949648,43,5.24,-5.0,95.63,5.37
192,Saskylakh,73,RU,1555949648,90,71.97,114.09,4.37,7.07
193,Khatanga,100,RU,1555949648,94,71.98,102.47,18.77,9.84
194,Turukhansk,100,RU,1555949649,91,65.8,87.96,34.07,20.62
195,Tazmalt,75,DZ,1555949436,88,36.39,4.4,64.4,5.82
196,Sabha,1,LY,1555949649,5,27.03,14.43,98.69,16.11
197,Balkanabat,100,TM,1555949649,33,39.51,54.36,64.13,14.23
198,Buin,31,CL,1555949373,59,-33.73,-70.74,64.99,4.7
199,Port Blair,54,IN,1555949650,70,11.67,92.75,85.91,7.9
200,Severo-Kurilsk,100,RU,1555949650,88,50.68,156.12,33.53,19.69
201,Contai,38,IN,1555949617,62,21.78,87.75,85.37,8.93
202,Sokolo,28,ML,1555949650,8,14.74,-6.12,104.81,5.68
203,Ushirombo,89,TZ,1555949650,86,-3.47,31.9,72.95,4.14
204,Las Tejeras,0,ES,1555949625,72,37.96,-1.09,66.2,6.93
205,Sao Jose da Coroa Grande,94,BR,1555949651,54,-8.9,-35.15,89.15,8.41
206,Ostrovnoy,97,RU,1555949651,81,68.05,39.51,38.57,16.42
207,Eldama Ravine,75,KE,1555945200,68,0.05,35.72,69.8,9.17
208,Aitape,100,PG,1555949652,83,-3.15,142.36,79.25,3.78
209,Georgetown,40,GY,1555945200,70,6.8,-58.16,89.6,11.41
210,Avon Lake,90,US,1555949643,58,41.51,-82.02,61.0,6.4
211,Kloulklubed,75,PW,1555944600,78,7.04,134.26,80.6,11.41
212,San Carlos de Bariloche,40,AR,1555945200,53,-41.13,-71.31,51.8,4.97
213,Sao Filipe,65,CV,1555949653,82,14.9,-24.5,70.97,19.39
214,Leningradskiy,89,RU,1555949653,88,69.38,178.42,-0.5,8.97
215,Ilulissat,75,GL,1555948200,86,69.22,-51.1,26.6,12.75
216,Shubarshi,61,KZ,1555949654,34,48.59,57.19,51.89,5.28
217,Nawabganj,0,IN,1555949654,20,26.86,82.14,91.67,5.08
218,Roald,0,NO,1555948919,58,62.58,6.12,69.8,8.05
219,Norrtalje,0,SE,1555949582,38,59.76,18.7,66.0,17.22
220,Sohagpur,94,IN,1555949537,12,22.7,78.2,96.35,5.97
221,Klaksvik,92,FO,1555948200,87,62.23,-6.59,50.0,12.75
222,Fare,69,PF,1555949655,78,-16.7,-151.02,83.03,10.94
223,Pevek,0,RU,1555949655,84,69.7,170.27,-2.3,4.23
224,Rawson,84,AR,1555949370,36,-43.3,-65.11,65.39,18.95
225,Fort Nelson,90,CA,1555945200,59,58.81,-122.69,37.4,3.36
226,Fort-Shevchenko,0,KZ,1555949655,56,44.51,50.26,47.39,17.81
227,Saldanha,97,PT,1555949656,42,41.42,-6.55,66.29,14.09
228,Nador,20,MA,1555947000,60,35.17,-2.93,69.8,14.99
229,Ludinghausen,0,DE,1555949599,28,51.77,7.47,75.99,21.92
230,Shishou,17,CN,1555949656,79,29.72,112.42,67.91,3.31
231,Requena,75,ES,1555949646,72,39.49,-1.1,62.6,4.7
232,Kahului,75,US,1555949451,69,20.89,-156.47,75.2,19.46
233,Kailua,20,US,1555949591,73,21.39,-157.74,73.99,11.41
234,Ziro,100,IN,1555949656,92,27.54,93.82,47.39,3.13
235,Cabedelo,75,BR,1555945200,70,-6.97,-34.84,86.0,10.29
236,Dengzhou,2,CN,1555949657,92,32.69,112.08,59.99,2.62
237,Matamoros,75,US,1555949608,65,25.87,-97.51,80.01,25.28
238,Torbay,90,CA,1555949247,100,47.66,-52.73,55.0,18.34
239,Cayenne,90,GF,1555947000,70,4.94,-52.33,86.0,11.41
240,Plettenberg Bay,99,ZA,1555949658,78,-34.05,23.37,62.69,8.01
241,Isabela,32,PH,1555949658,64,10.2,122.99,82.13,6.08
242,Oussouye,0,SN,1555945200,61,12.49,-16.54,93.2,9.17
243,Aykhal,0,RU,1555945200,48,65.95,111.51,17.6,4.47
244,Salaverry,0,PE,1555945200,73,-8.22,-78.98,73.4,9.17
245,Ganzhou,100,CN,1555949658,94,25.86,114.93,73.13,1.54
246,Fethiye,0,TR,1555949610,49,36.62,29.12,70.0,12.75
247,Sola,0,FI,1555949226,46,62.78,29.36,54.0,4.7
248,Guarapari,20,BR,1555949083,49,-20.67,-40.5,91.4,8.05
249,Puerto Colombia,40,CO,1555948911,66,10.99,-74.96,86.0,9.17
250,Tual,74,ID,1555949659,75,-5.67,132.75,85.73,15.17
251,Itacoatiara,40,BR,1555945200,88,-3.14,-58.44,78.8,4.7
252,Creel,92,MX,1555949659,33,27.75,-107.63,55.31,8.3
253,Boa Vista,75,BR,1555948800,38,2.82,-60.67,93.2,9.17
254,Beyneu,0,KZ,1555949662,29,45.32,55.19,57.47,8.1
255,Honiara,75,SB,1555945200,100,-9.43,159.96,77.0,4.41
256,Havre-Saint-Pierre,1,CA,1555945200,60,50.23,-63.6,42.8,10.29
257,Kavieng,71,PG,1555949662,67,-2.57,150.8,84.11,3.15
258,Berlevag,75,NO,1555944600,64,70.86,29.09,41.0,21.92
259,Beringovskiy,55,RU,1555949662,93,63.05,179.32,0.23,5.26
260,Srednekolymsk,98,RU,1555949663,82,67.46,153.71,28.13,7.09
261,Xinzhou,71,CN,1555949663,62,38.41,112.73,62.69,4.18
262,San Miguel,0,AR,1555949433,59,-34.54,-58.72,69.01,5.82
263,Pitimbu,75,BR,1555945200,70,-7.47,-34.81,86.0,10.29
264,Saint-Francois,0,FR,1555948936,27,46.42,3.91,75.2,4.7
265,Le Vauclin,75,MQ,1555949413,55,14.55,-60.84,86.0,16.11
266,Madawaska,1,CA,1555949578,54,47.36,-68.32,57.0,9.17
267,Vila Franca do Campo,20,PT,1555949662,59,37.72,-25.43,60.8,17.22
268,Kandi,93,BJ,1555949665,26,11.13,2.93,101.57,4.32
269,Junin,20,PE,1555948800,42,-16.45,-71.58,66.2,5.82
270,Hofn,100,IS,1555949665,86,64.25,-15.21,32.63,4.29
271,Camocim,52,BR,1555949665,82,-2.9,-40.84,84.11,7.29
272,Dakar,0,SN,1555947000,42,14.69,-17.45,80.6,18.34
273,Baicheng,67,CN,1555949665,41,45.61,122.87,65.93,10.54
274,Sioux Lookout,75,CA,1555945200,55,50.1,-91.92,48.2,3.36
275,Itoman,75,JP,1555949593,83,26.12,127.67,75.2,11.41
276,Calella,75,ES,1555949644,62,41.62,2.67,64.99,17.22
277,Mago,0,RU,1555949666,88,53.27,140.15,23.81,3.11
278,Bam,0,IR,1555949666,40,29.11,58.36,63.95,14.0
279,Senanga,100,ZM,1555949667,42,-16.1,23.3,82.67,2.35
280,Vestmanna,100,FO,1555948200,87,62.16,-7.17,50.0,12.75
281,Minab,0,IR,1555947000,58,27.15,57.07,86.0,6.93
282,Vostok,78,RU,1555949667,35,46.45,135.83,38.03,5.3
283,Sinegorskiy,0,RU,1555949667,39,48.01,40.84,56.57,6.64
284,Petrovsk-Zabaykalskiy,0,RU,1555949668,53,51.27,108.84,24.89,5.7
285,Hami,99,CN,1555949668,25,42.84,93.51,73.13,16.33
286,Lazaro Cardenas,90,MX,1555949616,27,28.39,-105.62,68.0,3.36
287,Pandegelang,40,ID,1555949594,70,-6.31,106.11,86.0,9.17
288,Coquimbo,0,CL,1555945200,63,-29.95,-71.34,62.6,4.7
289,Kieta,100,PG,1555949669,74,-6.22,155.63,82.67,3.56
290,Mount Gambier,0,AU,1555945200,93,-37.83,140.78,41.0,3.49
291,Sidrolandia,75,BR,1555948800,78,-20.93,-54.96,75.2,12.75
292,San Patricio,94,PY,1555949669,82,-26.98,-56.83,71.33,7.54
293,Gobabis,95,NA,1555949670,23,-22.45,18.97,81.95,15.03
294,Nizhniy Kuranakh,61,RU,1555949670,90,58.84,125.49,22.73,2.37
295,Gilbues,31,BR,1555949650,59,-9.83,-45.34,85.55,7.92
296,Puerto Cabezas,75,NI,1555945200,70,14.04,-83.39,84.2,4.7
297,Akureyri,75,IS,1555948800,65,65.68,-18.09,41.0,8.05
298,Batagay-Alyta,92,RU,1555949534,69,67.8,130.41,4.73,3.69
299,Chokurdakh,100,RU,1555949670,95,70.62,147.9,23.81,8.93
300,Araouane,0,ML,1555949671,10,18.9,-3.53,94.91,7.92
301,Lavrentiya,98,RU,1555949671,94,65.58,-170.99,4.37,16.06
302,Ostrowiec Swietokrzyski,6,PL,1555949492,23,50.93,21.39,63.0,10.0
303,Provideniya,32,RU,1555949671,91,64.42,-173.23,3.29,8.84
304,San Quintin,0,PH,1555949671,76,17.54,120.52,81.41,3.69
305,Cam Ranh,20,VN,1555947000,74,11.92,109.15,86.0,2.24
306,Bachaquero,83,VE,1555949672,66,9.96,-71.12,81.95,2.48
307,Namibe,29,AO,1555949672,82,-15.19,12.15,72.95,10.51
308,Faya,20,SA,1555945200,68,18.39,42.45,73.4,10.29
309,Buala,100,SB,1555949672,79,-8.15,159.59,82.67,7.36
310,La Paz,75,MX,1555948860,72,24.15,-110.32,80.01,11.41
311,El Jicaro,7,GT,1555949673,46,14.91,-89.89,78.71,1.81
312,Trebukhiv,0,UA,1555949524,18,50.48,30.9,62.6,2.24
313,Karratha,100,AU,1555949673,35,-20.74,116.85,80.51,4.52
314,Inuvik,20,CA,1555945200,78,68.36,-133.71,14.0,3.36
315,Kalemie,99,CD,1555949674,71,-5.95,29.2,76.37,3.8
316,Seymchan,58,RU,1555949674,80,62.93,152.39,20.75,3.76
317,Guerrero,90,AR,1555945200,100,-24.19,-65.45,62.6,9.17
318,Robertsport,100,LR,1555949674,62,6.75,-11.37,89.51,6.82
319,Walcz,0,PL,1555949656,43,53.28,16.47,63.0,14.34
320,Makasar,40,ID,1555949636,70,-6.28,106.88,86.0,9.17
321,Borger,73,NL,1555949553,27,52.92,6.79,73.99,13.87
322,Lompoc,90,US,1555949651,100,34.64,-120.46,63.0,12.75
323,Vryburg,100,ZA,1555949675,67,-26.96,24.73,66.83,16.37
324,Burnie,33,AU,1555949592,88,-41.05,145.91,48.0,3.0
325,Port Hardy,90,CA,1555947300,93,50.7,-127.42,46.4,14.99
326,Orotukan,84,RU,1555949676,81,62.26,151.67,20.57,6.8
327,Bacolod,28,PH,1555949676,65,10.68,122.95,83.39,11.68
328,Shaunavon,0,CA,1555949676,33,49.65,-108.41,51.71,18.77
329,Mayo,75,CA,1555945200,51,63.59,-135.9,39.2,9.17
330,Intipuca,0,SV,1555944600,43,13.2,-88.05,89.6,4.7
331,Kungurtug,0,RU,1555949677,39,50.6,97.53,23.27,3.04
332,Cockburn Town,0,TC,1555949409,77,21.46,-71.14,78.71,12.55
333,Petropavlovsk-Kamchatskiy,75,RU,1555945200,80,53.05,158.65,35.6,8.95
334,Puerto Escondido,5,MX,1555944180,54,15.86,-97.07,84.2,4.12
335,Port Hedland,100,AU,1555947000,73,-20.31,118.58,69.8,5.82
336,Aracati,92,BR,1555949677,59,-4.56,-37.77,87.89,7.34
337,Varberg,0,SE,1555949650,48,57.11,12.25,68.0,11.41
338,Charters Towers,0,AU,1555949678,87,-20.07,146.27,71.15,9.26
339,Hidalgo,75,US,1555949510,65,26.1,-98.26,79.0,17.22
340,Nizhnevartovsk,90,RU,1555947000,89,60.93,76.58,39.2,6.71
341,Nampula,20,MZ,1555945200,54,-15.12,39.26,80.6,5.82
342,Byron Bay,40,AU,1555949426,93,-28.65,153.62,69.8,4.0
343,Khanpur,0,PK,1555949679,12,28.65,70.66,101.57,7.85
344,Peniche,20,PT,1555949489,72,39.36,-9.38,62.01,10.29
345,Hambantota,75,LK,1555945800,100,6.12,81.12,75.2,3.36
346,Mindelo,75,PT,1555949545,87,41.31,-8.72,62.01,14.99
347,Male,66,UA,1555949679,38,50.74,33.7,59.45,5.37
348,Parnu-Jaagupi,0,EE,1555949585,21,58.61,24.51,64.0,8.99
349,Yeppoon,40,AU,1555947000,83,-23.13,150.74,69.8,6.93
350,Luau,100,CD,1555949680,89,-10.7,22.23,73.31,2.08
351,Mildura,90,AU,1555948901,36,-34.18,142.16,64.4,6.93
352,Saint-Louis,0,CH,1555949456,36,47.59,7.56,78.01,6.93
353,Teguldet,18,RU,1555949680,86,57.31,88.17,28.13,4.74
354,Lasa,0,CY,1555948862,42,34.92,32.53,64.4,17.22
355,Tres Arroyos,0,AR,1555949681,45,-38.38,-60.28,64.13,5.37
356,Yulara,0,AU,1555945200,38,-25.24,130.99,59.0,8.05
357,Broome,14,GB,1555949663,45,52.47,1.45,75.2,10.29
358,Oistins,40,BB,1555945200,58,13.07,-59.53,84.2,18.34
359,Worland,90,US,1555949510,87,44.02,-107.96,45.0,5.55
360,Hovd,0,NO,1555949405,30,63.83,10.7,71.6,14.99
361,Lomovka,75,RU,1555947000,34,53.92,58.37,48.2,2.24
362,Saint-Leu,75,RE,1555949149,78,-21.15,55.28,82.4,6.93
363,Taguatinga,40,BR,1555948914,61,-15.83,-48.06,82.99,4.7
364,Katsuura,20,JP,1555949285,59,33.93,134.5,62.6,8.05
365,Yartsevo,37,RU,1555949682,30,55.07,32.69,61.97,4.25
366,Kelsterbach,0,DE,1555949406,17,50.07,8.53,77.0,19.46
367,Grand Forks,54,US,1555948857,62,47.91,-97.06,55.0,6.93
368,Sabya,72,YE,1555949683,60,16.19,43.1,85.01,9.17
369,Takoradi,68,GH,1555949683,51,4.89,-1.75,92.21,7.45
370,Manokwari,79,ID,1555949683,80,-0.87,134.08,75.11,3.96
371,Navahrudak,0,BY,1555949683,41,53.59,25.82,59.27,10.6
372,Port Keats,0,AU,1555949435,44,-14.25,129.55,85.55,11.88
373,Nijar,20,ES,1555949417,63,36.97,-2.21,66.2,8.05
374,Acheng,40,CN,1555945200,48,45.55,126.95,64.4,11.18
375,Menomonie,90,US,1555949700,70,44.88,-91.92,57.0,17.22
376,Bowen,75,AU,1555949562,94,-20.01,148.25,72.0,8.05
377,Komsomolskiy,99,RU,1555949684,95,67.55,63.78,33.35,14.58
378,Lucapa,100,AO,1555949684,80,-8.42,20.74,75.83,5.84
379,Villa de Reyes,40,MX,1555944120,52,21.8,-100.93,66.2,5.82
380,Apatity,25,RU,1555949684,91,67.57,33.4,40.55,6.38
381,Touros,75,BR,1555948800,70,-5.2,-35.46,87.8,17.22
382,Ulladulla,40,AU,1555948896,93,-35.36,150.48,64.99,11.41
383,Verkhnevilyuysk,61,RU,1555949685,82,63.45,120.31,23.81,2.24
384,Okhotsk,100,RU,1555949685,97,59.36,143.24,29.03,6.67
385,Maputo,75,MZ,1555945200,83,-25.97,32.57,75.2,5.82
386,Ngunguru,0,NZ,1555949285,95,-35.62,174.5,53.01,10.22
387,Camargo,100,MX,1555949686,19,27.69,-105.17,72.41,11.81
388,Lima,40,PE,1555949531,83,-12.06,-77.04,73.99,6.93
389,Huarmey,94,PE,1555949686,93,-10.07,-78.15,68.99,8.93
390,Kokkola,0,FI,1555949631,54,63.84,23.13,55.4,6.93
391,Poum,75,MK,1555947000,55,41.28,20.71,60.8,3.36
392,Port Shepstone,100,ZA,1555949686,95,-30.74,30.45,61.25,3.85
393,Tazovskiy,100,RU,1555949687,95,67.47,78.7,33.71,15.37
394,el Prat de Llobregat,20,ES,1555949668,72,41.32,2.1,64.99,17.22
395,Margate,20,AU,1555948889,81,-43.03,147.26,48.2,9.17
396,Paka,0,HR,1555948817,18,45.29,18.06,73.4,4.7
397,Roswell,1,US,1555949144,51,33.39,-104.52,60.8,21.92
398,Onega,97,RU,1555949687,85,63.91,38.09,41.45,9.55
399,Belmonte,93,PT,1555948876,66,40.36,-7.35,60.01,10.0
400,Bambous Virieux,75,MU,1555949643,88,-20.34,57.76,80.6,8.05
401,Borogontsy,94,RU,1555949688,83,62.67,131.17,24.35,4.7
402,Korem,84,ET,1555949411,78,12.51,39.52,62.69,8.68
403,Leek,23,GB,1555949651,37,53.11,-2.02,75.0,9.17
404,Barrancas,40,AR,1555948800,55,-33.1,-68.71,66.2,8.05
405,Ilo,0,PE,1555945200,73,-17.65,-71.34,71.6,8.05
406,Verkhnyaya Inta,100,RU,1555949689,93,65.99,60.32,36.05,12.68
407,Lokosovo,43,RU,1555949689,88,61.13,74.84,33.71,11.21
408,Indian Head,0,CA,1555949052,39,50.53,-103.67,53.01,1.01
409,South Sioux City,90,US,1555949673,87,42.47,-96.41,48.2,18.34
410,Itarema,95,BR,1555949689,81,-2.92,-39.92,84.29,9.82
411,Xichang,96,CN,1555949690,50,27.88,102.25,52.07,2.93
412,Alanya,0,TR,1555944600,42,36.55,32.0,66.2,9.17
413,Praia da Vitoria,40,PT,1555948914,55,38.73,-27.07,63.0,16.64
414,Buraydah,0,SA,1555945200,21,26.33,43.97,71.6,3.36
415,Havelock,1,US,1555949645,52,34.88,-76.9,73.0,11.41
416,Noumea,0,NC,1555947000,94,-22.28,166.46,69.8,19.66
417,Berdigestyakh,28,RU,1555949498,84,62.1,126.7,19.49,0.25
418,Barceloneta,75,PR,1555949435,69,18.45,-66.54,82.0,17.22
419,Luanda,40,AO,1555945200,74,-8.83,13.24,86.0,10.29
420,Portland,75,US,1555949500,87,45.52,-122.67,50.0,1.68
421,Erenhot,99,CN,1555949691,31,43.65,111.97,62.87,12.8
422,Pabna,80,BD,1555949691,31,24.0,89.25,93.47,5.7
423,Aksha,0,RU,1555949692,52,50.28,113.29,29.93,6.42
424,Togur,72,RU,1555949692,86,58.36,82.83,34.07,9.22
425,Tiznit,2,MA,1555949692,78,29.7,-9.73,62.87,11.9
426,College,75,US,1555949416,64,64.86,-147.8,41.0,4.47
427,Ancud,90,CL,1555945200,81,-41.87,-73.83,48.2,6.93
428,Eureka,90,US,1555949571,87,40.8,-124.16,53.01,16.35
429,Camopi,79,GF,1555949693,58,3.17,-52.33,88.43,2.95
430,Walvis Bay,0,NA,1555948926,85,-22.95,14.51,57.99,1.99
431,Leh,0,IN,1555949693,42,34.16,77.58,23.09,4.83
432,Dudinka,90,RU,1555945200,100,69.41,86.18,30.2,29.08
433,Chernihiv,20,UA,1555949649,35,51.49,31.29,59.45,8.03
434,Bathsheba,40,BB,1555945200,58,13.22,-59.52,84.2,18.34
435,Pierrelatte,0,FR,1555949617,34,44.38,4.7,78.8,5.82
436,Vangazi,16,UZ,1555947000,62,40.03,64.76,57.2,9.17
437,Datong,100,CN,1555949694,47,40.09,113.3,64.49,7.58
438,Los Llanos de Aridane,20,ES,1555949439,60,28.66,-17.92,73.4,8.05
439,Baiyin,0,CN,1555945200,46,36.55,104.13,50.0,4.47
440,Vihti,0,FI,1555949616,33,60.42,24.32,62.6,14.99
441,Ambilobe,100,MG,1555949695,88,-13.19,49.05,77.99,2.3
442,Ust-Maya,0,RU,1555949695,83,60.42,134.54,22.91,2.62
443,Adrar,0,DZ,1555945200,15,27.87,-0.29,87.8,10.29
444,Mulanje,20,MW,1555945200,57,-16.03,35.5,75.2,13.87
445,Kavaratti,25,IN,1555949696,74,10.57,72.64,84.83,12.91
446,Homer,75,US,1555949511,71,59.64,-151.54,34.0,3.36
447,La Asuncion,75,EC,1555945200,82,-1.64,-78.74,62.6,2.04
448,Jaragua do Sul,90,BR,1555949311,94,-26.49,-49.07,73.0,3.36
449,Road Town,40,VG,1555949532,58,18.42,-64.62,84.2,10.29
450,Kamen-Rybolov,100,RU,1555949697,26,44.75,132.04,49.37,19.73
451,Goderich,0,CA,1555949637,60,43.74,-81.71,62.01,11.99
452,Taoudenni,0,ML,1555949697,10,22.68,-3.98,91.31,19.3
453,Myanaung,1,MM,1555949697,42,18.28,95.32,86.45,9.62
454,Pouembout,0,NC,1555949697,78,-21.12,164.9,78.53,7.81
455,Genhe,35,CN,1555949698,72,50.78,121.52,30.29,5.37
456,Havoysund,75,NO,1555946400,86,71.0,24.66,39.2,13.87
457,Pacific Grove,1,US,1555949424,81,36.62,-121.92,57.99,4.61
458,Palma di Montechiaro,90,IT,1555949446,67,37.19,13.77,62.6,13.87
459,Viedma,0,AR,1555949698,37,-40.81,-62.99,67.19,11.03
460,Gorontalo,86,ID,1555949479,90,0.54,123.06,77.45,2.24
461,Pedernales,100,EC,1555949699,82,0.07,-80.05,77.81,1.97
462,Flin Flon,40,CA,1555945200,69,54.77,-101.88,39.2,6.93
463,Phan Thiet,15,VN,1555949699,87,10.93,108.1,77.99,4.7
464,Acapulco,75,MX,1555944660,61,16.86,-99.88,82.4,2.24
465,Gat,0,SN,1555947000,42,14.69,-16.54,80.6,18.34
466,Rocha,93,UY,1555949456,57,-34.48,-54.34,61.25,7.85
467,Saint Anthony,1,US,1555949458,57,43.97,-111.68,51.01,8.05
468,Logrono,20,ES,1555949597,52,42.47,-2.45,66.2,13.87
469,Vanimo,100,PG,1555949700,72,-2.67,141.3,83.39,4.05
470,Gaoua,57,BF,1555949701,22,10.33,-3.18,103.19,3.78
471,Alyangula,75,AU,1555945200,100,-13.85,136.42,75.2,12.91
472,Pangnirtung,75,CA,1555945200,64,66.15,-65.72,-0.41,11.41
473,Decatur,1,US,1555949702,42,35.51,-84.79,73.0,4.7
474,Saint-Joseph,75,FR,1555949540,45,43.56,6.97,66.2,13.87
475,Eseka,99,CM,1555949708,59,3.65,10.77,89.33,5.77
476,Ayr,0,GB,1555949572,30,55.46,-4.63,73.4,9.17
477,Gunjur,34,GM,1555949708,82,13.18,-16.76,69.89,16.89
478,Nantucket,90,US,1555949706,100,41.28,-70.1,54.0,13.87
479,Lincoln,0,GB,1555949462,45,53.23,-0.54,75.99,16.11
480,Shahrud,100,IR,1555949710,94,36.42,54.97,33.53,6.87
481,Winton,100,AU,1555949711,51,-22.38,143.04,79.61,13.8
482,Maryville,90,US,1555949515,32,40.35,-94.87,71.01,17.22
483,Linxia,0,CN,1555949711,32,35.6,103.21,56.21,4.29
484,Dublin,0,IE,1555949323,51,53.35,-6.26,68.0,11.41
485,Victoria,75,BN,1555947000,79,5.28,115.24,86.0,8.05
486,Taipei,75,TW,1555949542,83,25.04,121.56,80.6,12.75
487,Hrebinka,21,UA,1555949712,34,50.12,32.43,59.63,7.65
488,Koundara,54,GN,1555949712,10,12.49,-13.3,106.79,6.11
489,Esperance,40,TT,1555948917,66,10.24,-61.45,87.01,13.87
490,Khandyga,100,RU,1555949713,94,62.65,135.58,23.81,1.92
491,Celestun,0,MX,1555949713,69,20.87,-90.4,77.09,13.44
492,Den Helder,0,NL,1555949711,46,52.96,4.76,77.0,9.17
493,Banda Aceh,56,ID,1555949549,75,5.56,95.32,86.63,10.16
494,Mirador,95,BR,1555949714,72,-6.37,-44.36,84.47,6.85
495,Turayf,75,SA,1555945200,44,31.68,38.65,59.0,13.87
496,Tholen,75,NL,1555949714,34,51.54,4.22,79.0,11.41
497,Aripuana,70,BR,1555949715,59,-9.17,-60.63,88.43,3.85
498,Ponta do Sol,54,BR,1555949715,68,-20.63,-46.0,77.63,4.5
499,Amapa,40,HN,1555948800,55,15.09,-87.97,86.0,2.24
500,Lalmohan,0,BD,1555949716,49,22.34,90.74,87.17,7.38
501,Norman Wells,20,CA,1555945200,74,65.28,-126.83,35.6,5.82
502,Port Lincoln,93,AU,1555949716,68,-34.72,135.86,63.05,11.34
503,Half Moon Bay,1,US,1555949596,76,37.46,-122.43,63.0,5.93
504,Mareeba,2,AU,1555949599,83,-16.99,145.42,75.2,5.82
505,Mangawan,35,IN,1555949716,14,24.65,81.54,93.29,2.66
506,Xuchang,90,CN,1555945200,93,34.03,113.82,62.6,2.24
507,Rorvik,0,NO,1555949702,51,64.86,11.24,68.0,10.29
508,Grand-Santi,74,GF,1555949717,54,4.27,-54.38,88.61,3.56
509,Coahuayana,100,MX,1555949717,21,18.62,-100.35,90.05,1.21
510,Axim,66,GH,1555949717,59,4.87,-2.24,89.51,9.46
511,Yazykovo,42,RU,1555949718,45,54.3,47.38,55.67,4.76
512,Madimba,40,CM,1555945200,70,4.42,9.93,89.6,5.82
513,Tianpeng,24,CN,1555949718,80,28.88,112.34,68.99,5.3
514,Muros,20,ES,1555949707,76,42.77,-9.06,62.01,11.41
515,Chincha Alta,20,PE,1555948963,30,-13.42,-76.13,73.99,5.82
516,Jalu,0,LY,1555949719,10,29.03,21.55,87.71,17.29
517,Kununurra,37,AU,1555948320,32,-15.77,128.74,82.4,9.17
518,Jinka,91,ET,1555949719,56,5.79,36.57,77.09,0.76
519,Hays,90,US,1555948901,66,38.88,-99.33,55.99,19.46
520,Nadvoitsy,100,RU,1555949719,85,63.89,34.27,44.15,5.86
521,Juegang,100,CN,1555949712,93,32.31,121.18,64.99,9.8
522,Labuhan,59,ID,1555949720,84,-2.54,115.51,78.35,3.42
523,Kovur,92,IN,1555949720,54,14.5,79.99,89.87,12.68
524,Kruisfontein,91,ZA,1555949720,87,-34.0,24.73,59.63,6.98
525,Tura,0,IN,1555949720,46,25.52,90.21,81.95,3.96
526,Krasnovishersk,91,RU,1555949720,90,60.4,57.08,42.53,5.73
527,Behbahan,0,IR,1555948800,37,30.59,50.24,66.2,9.17
528,Solnechnyy,95,RU,1555949721,58,50.72,136.64,30.83,4.52
529,Tondano,40,ID,1555947000,94,1.3,124.91,77.0,2.24
530,Dunda,0,IN,1555949721,39,30.62,78.32,69.53,5.37
531,Gazojak,28,TM,1555949721,27,41.19,61.4,60.89,11.63
532,Buarcos,40,PT,1555949197,72,40.16,-8.88,64.99,9.17
533,Mogadishu,63,SO,1555949721,66,2.04,45.34,86.27,12.15
534,Cairns,36,AU,1555949420,83,-16.92,145.77,75.2,5.82
535,Tommot,33,RU,1555949722,88,58.97,126.27,23.45,3.89
536,Husavik,0,CA,1555949709,52,50.56,-96.99,55.0,7.0
537,Argelia,75,CO,1555945200,94,4.73,-76.12,69.8,1.28
538,Russell,40,AR,1555948800,55,-33.01,-68.8,66.2,8.05
539,Lorengau,66,PG,1555949723,89,-2.02,147.27,77.81,1.63
540,Magadan,100,RU,1555949723,89,59.56,150.8,29.93,16.78
541,Gubkinskiy,100,RU,1555949723,94,64.43,76.5,35.51,20.54
542,Ewa Beach,1,US,1555949147,77,21.32,-158.01,73.99,4.7
543,Northam,46,GB,1555949706,77,51.04,-4.21,71.01,9.17
544,Buzmeyin,90,TM,1555945200,77,38.05,58.21,59.0,9.17
545,Khorramshahr,0,IR,1555945200,25,30.43,48.18,73.4,9.17
546,Lexington,1,US,1555949721,55,38.05,-84.5,71.01,3.36
547,Port Augusta,0,AU,1555949231,76,-32.49,137.76,57.2,6.93
548,Sambava,93,MG,1555949725,96,-14.27,50.17,74.03,3.38
549,Dagana,0,MR,1555949725,23,16.52,-15.51,89.51,16.46
550,Sovetskiy,2,RU,1555949725,54,56.76,48.47,55.49,7.63
551,Madang,100,PG,1555949725,99,-5.21,145.81,70.61,0.96
552,Vandavasi,34,IN,1555949725,60,12.51,79.61,87.53,3.69
553,Magog,40,CA,1555949403,82,45.27,-72.15,55.99,10.29
554,Ahipara,2,NZ,1555949376,100,-35.17,173.16,53.01,14.88
555,Tigil,99,RU,1555949726,91,57.8,158.67,29.57,4.79
556,Conceicao do Araguaia,100,BR,1555949617,71,-8.26,-49.26,85.55,2.91
557,Nassau,0,DE,1555949627,33,51.17,13.51,62.01,25.28
558,Gawan,0,IN,1555949726,20,28.42,78.35,92.93,3.24
559,Sawakin,0,SD,1555949726,38,19.1,37.33,74.93,11.63
560,Ossora,39,RU,1555949726,90,59.24,163.07,24.71,2.15
561,Makakilo City,1,US,1555949726,77,21.35,-158.09,73.99,4.7
562,Mattru,99,SL,1555949727,55,7.62,-11.83,92.75,5.88
563,Fremont,5,US,1555949648,76,37.55,-121.99,63.0,4.7
564,Abalak,0,NE,1555949727,5,15.46,6.28,106.07,8.21
565,Lagos,40,NG,1555945200,66,6.46,3.39,91.4,8.05
566,Niono,62,ML,1555949728,8,14.25,-5.99,105.35,6.53
567,Shadrinsk,87,RU,1555949728,73,56.09,63.63,47.39,4.85
568,Mount Isa,100,AU,1555947000,44,-20.73,139.49,77.0,12.75
